id,date,title,version,description,author,contributor,creator,github-link,zenodo-link,doi,doi-related,communities,rights,source,subject,type,file-links,file-types,file-checksums,json-downloaded
oai:zenodo.org:3066952,2019-05-21,dictionaria/palula: Palula Dictionary,v1.0,"Liljegren, Henrik. 2019. Palula dictionary. Dictionaria 3. 1-2700 (Available online at https://dictionaria.clld.org/contributions/palula)",,,Henrik Liljegren,url:https://github.com/dictionaria/palula/tree/v1.0,https://zenodo.org/record/3066952,10.5281/zenodo.3066952,doi:10.5281/zenodo.3066951,openaire_data\tuser-cldf-datasets\tuser-clld\tuser-dictionaria,info:eu-repo/semantics/openAccess\thttps://creativecommons.org/licenses/by/4.0/legalcode,,cldf:Dictionary,info:eu-repo/semantics/other\tdataset,https://zenodo.org/api/files/dd130937-b274-4719-b074-1747f662a200/dictionaria/palula-v1.0.zip,zip,md5:6d1f3f81e0cc420ebf5a7ca4f15c7281,y
oai:zenodo.org:3067381,2019-05-21,dictionaria/daakaka: Daakaka Dictionary,v1.0,"von Prince, Kilu. 2017. Daakaka dictionary. Dictionaria 1. 1-2167 (Available online at https://dictionaria.clld.org/contributions/daakaka)",,,Kilu von Prince,url:https://github.com/dictionaria/daakaka/tree/v1.0,https://zenodo.org/record/3067381,10.5281/zenodo.3067381,doi:10.5281/zenodo.3067380,openaire_data\tuser-cldf-datasets\tuser-clld\tuser-dictionaria,info:eu-repo/semantics/openAccess\thttps://creativecommons.org/licenses/by/4.0/legalcode,,,info:eu-repo/semantics/other\tdataset,https://zenodo.org/api/files/dde62ecc-4ce5-4842-a3a4-e4bc5427c678/dictionaria/daakaka-v1.0.zip,zip,md5:641bb4193a4d4c31d9f8ea46ac09db8f,y
oai:zenodo.org:3067649,2019-05-21,dictionaria/hdi: Hdi Dictionary,v1.0,"Frajzyngier, Zygmunt and Eguchi, Paul and Prafé, Roger and Schwabauer, Megan (with Erin Shay and Henry Tourneux). 2017. Hdi dictionary. Dictionaria 2. 1-1681 (Available online at https://dictionaria.clld.org/contributions/hdi)",,Erin Shay\tHenry Tourneux,Zygmunt Frajzyngier\tPaul Eguchi\tRoger Prafé\tMegan Schwabauer,url:https://github.com/dictionaria/hdi/tree/v1.0,https://zenodo.org/record/3067649,10.5281/zenodo.3067649,doi:10.5281/zenodo.3067648,openaire_data\tuser-cldf-datasets\tuser-clld\tuser-dictionaria,info:eu-repo/semantics/openAccess\thttps://creativecommons.org/licenses/by/4.0/legalcode,,,info:eu-repo/semantics/other\tdataset,https://zenodo.org/api/files/9dcc82a1-b309-4a15-af1c-8c077d4166a5/dictionaria/hdi-v1.0.zip,zip,md5:ef254719027c9d92e87c77cff4a38cb0,y
oai:zenodo.org:3257580,2019-06-26,dictionaria/teop: A multifunctional Teop-English dictionary,v1.0,A multifunctional Teop-English dictionary by Ulrike Mosel,,,Ulrike Mosel,url:https://github.com/dictionaria/teop/tree/v1.0,https://zenodo.org/record/3257580,10.5281/zenodo.3257580,doi:10.5281/zenodo.3257579,openaire_data\tuser-cldf-datasets\tuser-clld\tuser-dictionaria,info:eu-repo/semantics/openAccess\thttps://creativecommons.org/licenses/by/4.0/legalcode,,cldf:Dictionary,info:eu-repo/semantics/other\tdataset,https://zenodo.org/api/files/65d75c32-d17a-4bbb-b9b9-23e84691c70c/dictionaria/teop-v1.0.zip,zip,md5:8ae3319dfdc29b80acb8ddce877addf8,y
oai:zenodo.org:3257634,2019-06-26,dictionaria/sanzhi: Sanzhi Dargwa dictionary,v1.0,Sanzhi Dargwa dictionary by Diana Forker,,,Diana Forker,url:https://github.com/dictionaria/sanzhi/tree/v1.0,https://zenodo.org/record/3257634,10.5281/zenodo.3257634,doi:10.5281/zenodo.3257633,openaire_data\tuser-cldf-datasets\tuser-clld\tuser-dictionaria,info:eu-repo/semantics/openAccess\thttps://creativecommons.org/licenses/by/4.0/legalcode,,cldf:Dictionary,info:eu-repo/semantics/other\tdataset,https://zenodo.org/api/files/d85fe407-665b-488f-b190-373f981fb774/dictionaria/sanzhi-v1.0.zip,zip,md5:3235eb1ff3087237c0b6d29e057e4ffd,y
oai:zenodo.org:3258853,2019-06-27,dictionaria/hdi: Hdi Dictionary,v1.1,"Frajzyngier, Zygmunt and Eguchi, Paul and Prafé, Roger and Schwabauer, Megan (with Erin Shay and Henry Tourneux). 2017. Hdi dictionary. Dictionaria 2. 1-1681 (Available online at https://dictionaria.clld.org/contributions/hdi)",,Erin Shay\tHenry Tourneux,Zygmunt Frajzyngier\tPaul Eguchi\tRoger Prafé\tMegan Schwabauer,url:https://github.com/dictionaria/hdi/tree/v1.1,https://zenodo.org/record/3258853,10.5281/zenodo.3258853,doi:10.5281/zenodo.3067648,openaire_data\tuser-cldf-datasets\tuser-clld\tuser-dictionaria,info:eu-repo/semantics/openAccess\thttps://creativecommons.org/licenses/by/4.0/legalcode,,cldf:Dictionary,info:eu-repo/semantics/other\tdataset,https://zenodo.org/api/files/6b763b21-c47d-406b-82b5-7946365cb7c3/dictionaria/hdi-v1.1.zip,zip,md5:3b3c11bc909efe1170d07da83f7d6cef,y
oai:zenodo.org:3258859,2019-06-27,dictionaria/daakaka: Daakaka Dictionary,v1.1,"von Prince, Kilu. 2017. Daakaka dictionary. Dictionaria 1. 1-2167 (Available online at https://dictionaria.clld.org/contributions/daakaka)",,,Kilu von Prince,url:https://github.com/dictionaria/daakaka/tree/v1.1,https://zenodo.org/record/3258859,10.5281/zenodo.3258859,doi:10.5281/zenodo.3067380,openaire_data\tuser-cldf-datasets\tuser-clld\tuser-dictionaria,info:eu-repo/semantics/openAccess\thttps://creativecommons.org/licenses/by/4.0/legalcode,,cldf:Dictionary,info:eu-repo/semantics/other\tdataset,https://zenodo.org/api/files/41d99f56-2ea9-451c-b382-5c30c927b279/dictionaria/daakaka-v1.1.zip,zip,md5:1d554f4b65388237cda53a1ce5322d35,y
oai:zenodo.org:3338363,2019-07-16,dictionaria/sidaama: Sidaama Dictionary,v1.0,"Yri, Kjell Magne and Pepper, Steve. 2019. Sidaama dictionary. Dictionaria 6. 1-3578 (Available online at https://dictionaria.clld.org/contributions/sidaama)",,,Kjell Magne Yri\tSteve Pepper,url:https://github.com/dictionaria/sidaama/tree/v1.0,https://zenodo.org/record/3338363,10.5281/zenodo.3338363,doi:10.5281/zenodo.3338362,openaire_data\tuser-clld\tuser-dictionaria\tuser-cldf-datasets,info:eu-repo/semantics/openAccess\thttps://creativecommons.org/licenses/by/4.0/legalcode,,cldf:Dictionary,info:eu-repo/semantics/other\tdataset,https://zenodo.org/api/files/b0e6faa4-ce51-40a2-b376-7004c5647a85/dictionaria/sidaama-v1.0.zip,zip,md5:72301c22e94f47932da5b74f50562a3e,y
oai:zenodo.org:3340718,2019-07-18,dictionaria/guarayu: Guarayu. A revised dictionary by Alfred Hoeller,v1.0,"Danielsen, Swintha and Sell, Lena and Terhart, Lena. 2019. Guarayu. A revised dictionary by Alfred Hoeller. Dictionaria 7. 1-3590 (Available online at https://dictionaria.clld.org/contributions/guarayu)",,,Swintha Danielsen\tLena Sell\tLena Terhart,url:https://github.com/dictionaria/guarayu/tree/v1.0,https://zenodo.org/record/3340718,10.5281/zenodo.3340718,doi:10.5281/zenodo.3340717,openaire_data\tuser-cldf-datasets\tuser-clld\tuser-dictionaria,info:eu-repo/semantics/openAccess\thttps://creativecommons.org/licenses/by/4.0/legalcode,,cldf:Dictionary,info:eu-repo/semantics/other\tdataset,https://zenodo.org/api/files/46a13a88-1932-4a72-bc37-cd3e5e6be980/dictionaria/guarayu-v1.0.zip,zip,md5:8f8e445b8f68d1df050fbe5b594d0e60,y
oai:zenodo.org:3345805,2019-07-22,dictionaria/nen: Nen Dictionary,v1.0,"Evans, Nicholas. 2019. Nen dictionary. Dictionaria 8. 1-5005 (Available online at https://dictionaria.clld.org/contributions/nen)",,,Nicholas Evans,url:https://github.com/dictionaria/nen/tree/v1.0,https://zenodo.org/record/3345805,10.5281/zenodo.3345805,doi:10.5281/zenodo.3345804,openaire_data\tuser-cldf-datasets\tuser-clld\tuser-dictionaria,info:eu-repo/semantics/openAccess\thttps://creativecommons.org/licenses/by/4.0/legalcode,,linguistics\tCLDF,info:eu-repo/semantics/other\tdataset,https://zenodo.org/api/files/d8bbe7e9-cdcc-4972-a415-dd56667cf7d7/dictionaria/nen-v1.0.zip,zip,md5:df25dbca677de8aa31bb728cb012116a,y
oai:zenodo.org:3403988,2019-09-10,dictionaria/nen: Nen Dictionary,v1.1,"Evans, Nicholas. 2019. Nen dictionary. Dictionaria 8. 1-5005 (Available online at https://dictionaria.clld.org/contributions/nen)",,,Nicholas Evans,url:https://github.com/dictionaria/nen/tree/v1.1,https://zenodo.org/record/3403988,10.5281/zenodo.3403988,doi:10.5281/zenodo.3345804,openaire_data\tuser-cldf-datasets\tuser-clld\tuser-dictionaria,info:eu-repo/semantics/openAccess\thttps://creativecommons.org/licenses/by/4.0/legalcode,,cldf:Dictionary,info:eu-repo/semantics/other\tdataset,https://zenodo.org/api/files/17b566ba-b3d2-4786-8bf5-5e60a55f2246/dictionaria/nen-v1.1.zip,zip,md5:489e27e2f21d7554b4756d52607a26dc,y
oai:zenodo.org:3451857,2019-09-20,dictionaria/diidxaza: La Ventosa Diidxazá Lexico-Botanical Dictionary,v1.0,"Pérez Báez, Gabriela and Kaufman, Terrence. 2018. La Ventosa Diidxazá Lexico-Botanical Dictionary. Dictionaria 5. 1-952 (Available online at https://dictionaria.clld.org/contributions/diidxaza)",,,Gabriela Pérez Báez\tTerrence Kaufman,url:https://github.com/dictionaria/diidxaza/tree/v1.0,https://zenodo.org/record/3451857,10.5281/zenodo.3451857,doi:10.5281/zenodo.3451856,openaire_data\tuser-cldf-datasets\tuser-clld\tuser-dictionaria,info:eu-repo/semantics/openAccess\thttps://creativecommons.org/licenses/by/4.0/legalcode,,linguistics\tcldf:Dictionary,info:eu-repo/semantics/other\tdataset,https://zenodo.org/api/files/f4a01168-5f3e-49ec-bcc5-a529f22917ff/dictionaria/diidxaza-v1.0.zip,zip,md5:3df0fcf04ef820814fdabf58abc7b671,y
oai:zenodo.org:3660891,2020-02-10,dictionaria/tseltal: Tseltal-Spanish multidialectal dictionary,v1.0,"Polian, Gilles. 2020. Tseltal-Spanish multidialectal dictionary. Dictionaria 10. 1-8109 (Available online at https://dictionaria.clld.org/contributions/tseltal)",,,Gilles Polian,url:https://github.com/dictionaria/tseltal/tree/v1.0,https://zenodo.org/record/3660891,10.5281/zenodo.3660891,doi:10.5281/zenodo.3660890,openaire_data\tuser-cldf-datasets\tuser-clld\tuser-dictionaria,info:eu-repo/semantics/openAccess\thttps://creativecommons.org/licenses/by/4.0/legalcode,,cldf:Dictionary,info:eu-repo/semantics/other\tdataset,https://zenodo.org/api/files/505324c9-f347-4f32-a112-fa573d48e75e/dictionaria/tseltal-v1.0.zip,zip,md5:8739f271dd02ed6bba52b770f6eb73dc,y
oai:zenodo.org:3668861,2020-02-16,dictionaria/daakaka: Dakaaka dictionary,v1.1.1,"von Prince, Kilu. 2017. Daakaka dictionary. Dictionaria 1. 1-2167 (Available online at https://dictionaria.clld.org/contributions/daakaka)",,,Kilu von Prince,url:https://github.com/dictionaria/daakaka/tree/v1.1.1,https://zenodo.org/record/3668861,10.5281/zenodo.3668861,doi:10.5281/zenodo.3067380,openaire_data\tuser-cldf-datasets\tuser-clld\tuser-dictionaria,info:eu-repo/semantics/openAccess\thttps://creativecommons.org/licenses/by/4.0/legalcode,,cldf:Dictionary,info:eu-repo/semantics/other\tdataset,https://zenodo.org/api/files/e785883e-5332-4fec-a99d-caf0e70ebc3c/dictionaria/daakaka-v1.1.1.zip,zip,md5:7f658bc5e849a9683802f81b3bfe8011,y
oai:zenodo.org:3668865,2020-02-16,dictionaria/tseltal: Tseltal-Spanish multidialectal dictionary,v1.0.1,"Polian, Gilles. 2020. Tseltal-Spanish multidialectal dictionary. Dictionaria 10. 1-8109 (Available online at https://dictionaria.clld.org/contributions/tseltal)",,,Gilles Polian,url:https://github.com/dictionaria/tseltal/tree/v1.0.1,https://zenodo.org/record/3668865,10.5281/zenodo.3668865,doi:10.5281/zenodo.3660890,openaire_data\tuser-cldf-datasets\tuser-clld\tuser-dictionaria,info:eu-repo/semantics/openAccess\thttps://creativecommons.org/licenses/by/4.0/legalcode,,,info:eu-repo/semantics/other\tdataset,https://zenodo.org/api/files/f0149469-8c4a-4b69-b621-1666751580b4/dictionaria/tseltal-v1.0.1.zip,zip,md5:585ecfdff7ae1fdf1137364c39f23d6c,y
oai:zenodo.org:4139455,2020-10-27,dictionaria/wersing: Wersing dictionary,v1.0,"Schapper, Antoinette. 2020. Wersing dictionary. Dictionaria 11. 1-1430 (Available online at https://dictionaria.clld.org/contributions/wersing)",,,Antoinette Schapper,url:https://github.com/dictionaria/wersing/tree/v1.0,https://zenodo.org/record/4139455,10.5281/zenodo.4139455,doi:10.5281/zenodo.4139454,openaire_data\tuser-cldf-datasets\tuser-clld\tuser-dictionaria,info:eu-repo/semantics/openAccess\thttps://creativecommons.org/licenses/by/4.0/legalcode,,cldf:Dictionary\tlinguistics,info:eu-repo/semantics/other\tdataset,https://zenodo.org/api/files/d50d192c-c57a-4ae9-8dc1-d5b6cceb44d4/dictionaria/wersing-v1.0.zip,zip,md5:cd85797c821225b153b770096b3e8be5,y
oai:zenodo.org:4147099,2020-10-28,dictionaria/medialengua: Media Lengua dictionary,v1.0,"Stewart, Jesse (with Gabriela Prado Ayala, Lucia Gonza Inlago). 2020. Media Lengua dictionary. Dictionaria 12. 1-3216 (Available online at https://dictionaria.clld.org/contributions/medialengua)",,,Jesse Stewart\tGabriela Prado Ayala\tLucia Gonza Inlago,url:https://github.com/dictionaria/medialengua/tree/v1.0,https://zenodo.org/record/4147099,10.5281/zenodo.4147099,doi:10.5281/zenodo.4147098,openaire_data\tuser-cldf-datasets\tuser-clld\tuser-dictionaria,info:eu-repo/semantics/openAccess\thttps://creativecommons.org/licenses/by/4.0/legalcode,,cldf:Dictionary\tlinguistics,info:eu-repo/semantics/other\tdataset,https://zenodo.org/api/files/0e972f23-283e-43b0-ba7f-c25004ac14e4/dictionaria/medialengua-v1.0.zip,zip,md5:21ac88f102fae7b11d4c517bd6714f59,y
oai:zenodo.org:4297474,2020-11-30,dictionaria/kalamang: Kalamang dictionary,v1.0,"Visser, Eline. 2020. Kalamang dictionary. Dictionaria 13. 1-2737 (Available online at http://dictionaria.clld.org/contributions/kalamang)",,,Eline Visser,url:https://github.com/dictionaria/kalamang/tree/v1.0,https://zenodo.org/record/4297474,10.5281/zenodo.4297474,doi:10.5281/zenodo.4297473,openaire_data\tuser-cldf-datasets\tuser-dictionaria\tuser-clld,info:eu-repo/semantics/openAccess\thttps://creativecommons.org/licenses/by/4.0/legalcode,,cldf:Dictionary\tlinguistics,info:eu-repo/semantics/other\tdataset,https://zenodo.org/api/files/cd6841f8-34dd-419f-8dd3-d4c9b79d9603/dictionaria/kalamang-v1.0.zip,zip,md5:1cfe9b03e8701259dd0a7b4444e52887,y
oai:zenodo.org:4675001,2021-04-09,dictionaria/wersing: Wersing dictionary,v1.1,"Schapper, Antoinette. 2020. Wersing dictionary. Dictionaria 11. 1-1430 (Available online at https://dictionaria.clld.org/contributions/wersing)",,,Antoinette Schapper,url:https://github.com/dictionaria/wersing/tree/v1.1,https://zenodo.org/record/4675001,10.5281/zenodo.4675001,doi:10.5281/zenodo.4139454,openaire_data\tuser-cldf-datasets\tuser-clld\tuser-dictionaria,info:eu-repo/semantics/openAccess\thttps://creativecommons.org/licenses/by/4.0/legalcode,,cldf:Dictionary\tlinguistics,info:eu-repo/semantics/other\tdataset,https://zenodo.org/api/files/69064398-cccf-4bda-bff5-d5bd7bdf132b/dictionaria/wersing-v1.1.zip,zip,md5:227aa295345ccbf1029db7964e0298bc,y
oai:zenodo.org:4675071,2021-04-09,dictionaria/tseltal: Tseltal-Spanish multidialectal dictionary,v1.1,"Polian, Gilles. 2020. Tseltal-Spanish multidialectal dictionary. Dictionaria 10. 1-8109 (Available online at https://dictionaria.clld.org/contributions/tseltal)",,,Gilles Polian,url:https://github.com/dictionaria/tseltal/tree/v1.1,https://zenodo.org/record/4675071,10.5281/zenodo.4675071,doi:10.5281/zenodo.3660890,openaire_data\tuser-cldf-datasets\tuser-clld\tuser-dictionaria,info:eu-repo/semantics/openAccess\thttps://creativecommons.org/licenses/by/4.0/legalcode,,cldf:Dictionary\tlinguistics,info:eu-repo/semantics/other\tdataset,https://zenodo.org/api/files/418afaa1-8499-4280-93c1-96e3f4b5b6d3/dictionaria/tseltal-v1.1.zip,zip,md5:f7891deb70ec0539ca45ff23fc19ad03,y
oai:zenodo.org:4675073,2021-04-09,dictionaria/teop: A multifunctional Teop-English dictionary,v1.1,"Mosel, Ulrike. 2019. A multifunctional Teop-English dictionary.  Dictionaria 4. 1-6488. DOI: 10.5281/zenodo.3257580 (Available online at https://dictionaria.clld.org/contributions/teop, Accessed on 2021-02-08.)",,,Ulrike Mosel,url:https://github.com/dictionaria/teop/tree/v1.1,https://zenodo.org/record/4675073,10.5281/zenodo.4675073,doi:10.5281/zenodo.3257579,openaire_data\tuser-cldf-datasets\tuser-clld\tuser-dictionaria,info:eu-repo/semantics/openAccess\thttps://creativecommons.org/licenses/by/4.0/legalcode,,cldf:Dictionary\tlinguistics,info:eu-repo/semantics/other\tdataset,https://zenodo.org/api/files/d2f3e376-0e61-4b74-ac4d-0b563efd4eda/dictionaria/teop-v1.1.zip,zip,md5:29226ee2e6034116f1dec3b44b0ade01,y
oai:zenodo.org:4675076,2021-04-09,dictionaria/sidaama: Sidaama dictionary,v1.1,"Yri, Kjell Magne and Pepper, Steve. 2019. Sidaama dictionary. Dictionaria 6. 1-3578 (Available online at https://dictionaria.clld.org/contributions/sidaama)",,,Kjell Magne Yri\tSteve Pepper,url:https://github.com/dictionaria/sidaama/tree/v1.1,https://zenodo.org/record/4675076,10.5281/zenodo.4675076,doi:10.5281/zenodo.3338362,openaire_data\tuser-cldf-datasets\tuser-clld\tuser-dictionaria,info:eu-repo/semantics/openAccess\thttps://creativecommons.org/licenses/by/4.0/legalcode,,cldf:Dictionary\tlinguistics,info:eu-repo/semantics/other\tdataset,https://zenodo.org/api/files/ddfdfc86-3511-4c19-8ac2-621665a3c01b/dictionaria/sidaama-v1.1.zip,zip,md5:6e6c6156a106b7cb8215ed17b26525a1,y
oai:zenodo.org:4675079,2021-04-09,dictionaria/sanzhi: Sanzhi Dargwa dictionary,v1.1,"Forker, Diana. 2019. Sanzhi Dargwa dictionary. Dictionaria 5. 1-5533. DOI: 10.5281/zenodo.3257634 (Available online at https://dictionaria.clld.org/contributions/sanzhi, Accessed on 2021-02-08.)",,,Diana Forker,url:https://github.com/dictionaria/sanzhi/tree/v1.1,https://zenodo.org/record/4675079,10.5281/zenodo.4675079,doi:10.5281/zenodo.3257633,openaire_data\tuser-cldf-datasets\tuser-clld\tuser-dictionaria,info:eu-repo/semantics/openAccess\thttps://creativecommons.org/licenses/by/4.0/legalcode,,cldf:Dictionary\tlinguistics,info:eu-repo/semantics/other\tdataset,https://zenodo.org/api/files/d03029fe-1848-4487-84fd-24cbd369ebf9/dictionaria/sanzhi-v1.1.zip,zip,md5:28f430ec6332e640d6b87b63ed84d161,y
oai:zenodo.org:4675080,2021-04-09,dictionaria/nen: Nen Dictionary,v1.2,"Evans, Nicholas. 2019. Nen dictionary. Dictionaria 8. 1-5005 (Available online at https://dictionaria.clld.org/contributions/nen)",,,Nicholas Evans,url:https://github.com/dictionaria/nen/tree/v1.2,https://zenodo.org/record/4675080,10.5281/zenodo.4675080,doi:10.5281/zenodo.3345804,openaire_data\tuser-cldf-datasets\tuser-clld\tuser-dictionaria,info:eu-repo/semantics/openAccess\thttps://creativecommons.org/licenses/by/4.0/legalcode,,cldf:Dictionary\tlinguistics,info:eu-repo/semantics/other\tdataset,https://zenodo.org/api/files/51932b14-89ad-4a99-b441-2343c142096d/dictionaria/nen-v1.2.zip,zip,md5:8ef9dada6d7e69097775b94be61dbb4a,y
oai:zenodo.org:4675089,2021-04-09,dictionaria/palula: Palula dictionary,v1.1,"Liljegren, Henrik. 2019. Palula dictionary. Dictionaria 3. 1-2700 (Available online at https://dictionaria.clld.org/contributions/palula)",,,Henrik Liljegren,url:https://github.com/dictionaria/palula/tree/v1.1,https://zenodo.org/record/4675089,10.5281/zenodo.4675089,doi:10.5281/zenodo.3066951,openaire_data\tuser-cldf-datasets\tuser-clld\tuser-dictionaria,info:eu-repo/semantics/openAccess\thttps://creativecommons.org/licenses/by/4.0/legalcode,,cldf:Dictionary\tlinguistics,info:eu-repo/semantics/other\tdataset,https://zenodo.org/api/files/7d957258-5b98-4add-b630-ce4e4da06651/dictionaria/palula-v1.1.zip,zip,md5:136db245330fa89a39886f989fb67c08,y
oai:zenodo.org:4675092,2021-04-09,dictionaria/medialengua: Media Lengua dictionary,v1.1,"Visser, Eline. 2020. Kalamang dictionary. Dictionaria 13. 1-2737 (Available online at http://dictionaria.clld.org/contributions/kalamang)",,,Jesse Stewart\tGabriela Prado Ayala\tLucia Gonza Inlago,url:https://github.com/dictionaria/medialengua/tree/v1.1,https://zenodo.org/record/4675092,10.5281/zenodo.4675092,doi:10.5281/zenodo.4147098,openaire_data\tuser-cldf-datasets\tuser-clld\tuser-dictionaria,info:eu-repo/semantics/openAccess\thttps://creativecommons.org/licenses/by/4.0/legalcode,,cldf:Dictionary\tlinguistics,info:eu-repo/semantics/other\tdataset,https://zenodo.org/api/files/38df0c81-439d-4652-8aa0-7dd541a5ffd9/dictionaria/medialengua-v1.1.zip,zip,md5:6aef5566be1863f2fc7cd71032ec3bc5,y
oai:zenodo.org:4675093,2021-04-09,dictionaria/kalamang: Kalamang dictionary,v1.1,"Visser, Eline. 2020. Kalamang dictionary. Dictionaria 13. 1-2737 (Available online at http://dictionaria.clld.org/contributions/kalamang)",,,Eline Visser,url:https://github.com/dictionaria/kalamang/tree/v1.1,https://zenodo.org/record/4675093,10.5281/zenodo.4675093,doi:10.5281/zenodo.4297473,openaire_data\tuser-cldf-datasets\tuser-clld\tuser-dictionaria,info:eu-repo/semantics/openAccess\thttps://creativecommons.org/licenses/by/4.0/legalcode,,cldf:Dictionary\tlinguistics,info:eu-repo/semantics/other\tdataset,https://zenodo.org/api/files/0480b9d9-73e5-4069-9609-e03f019d7b9a/dictionaria/kalamang-v1.1.zip,zip,md5:78ded71d28987947f8aef4c9b8534305,y
oai:zenodo.org:4675098,2021-04-09,dictionaria/hdi: Hdi Dictionary,v1.2,"Frajzyngier, Zygmunt and Eguchi, Paul and Prafé, Roger and Schwabauer, Megan (with Erin Shay, Henry Tourneux). 2017. Hdi dictionary. Dictionaria 2. 1-1681. DOI: 10.5281/zenodo.3067648 (Available online at https://dictionaria.clld.org/contributions/hdi)",,,Zygmunt Frajzyngier\tPaul Eguchi\tRoger Prafé\tMegan Schwabauer\tErin Shay\tHenry Tourneux,url:https://github.com/dictionaria/hdi/tree/v1.2,https://zenodo.org/record/4675098,10.5281/zenodo.4675098,doi:10.5281/zenodo.3067648,openaire_data\tuser-cldf-datasets\tuser-clld\tuser-dictionaria,info:eu-repo/semantics/openAccess\thttps://creativecommons.org/licenses/by/4.0/legalcode,,cldf:Dictionary\tlinguistics,info:eu-repo/semantics/other\tdataset,https://zenodo.org/api/files/e095ef51-dc04-418c-abf2-879ad2fa081f/dictionaria/hdi-v1.2.zip,zip,md5:c37e85ba2a2a6de78524b80d7894e96f,y
oai:zenodo.org:4675101,2021-04-09,dictionaria/guarayu: Guarayu. A revised dictionary by Alfred Hoeller,v1.1,"Danielsen, Swintha and Sell, Lena and Terhart, Lena. 2019. Guarayu. A revised dictionary by Alfred Hoeller. Dictionaria 7. 1-3590 (Available online at https://dictionaria.clld.org/contributions/guarayu)",,,Swintha Danielsen\tLena Sell\tLena Terhart,url:https://github.com/dictionaria/guarayu/tree/v1.1,https://zenodo.org/record/4675101,10.5281/zenodo.4675101,doi:10.5281/zenodo.3340717,openaire_data\tuser-cldf-datasets\tuser-clld\tuser-dictionaria,info:eu-repo/semantics/openAccess\thttps://creativecommons.org/licenses/by/4.0/legalcode,,cldf:Dictionary\tlinguistics,info:eu-repo/semantics/other\tdataset,https://zenodo.org/api/files/1953c753-25b7-4763-8769-bcdcfa70c5e8/dictionaria/guarayu-v1.1.zip,zip,md5:99a70f2756a6b8e6135dab36cbfaebad,y
oai:zenodo.org:4675104,2021-04-09,dictionaria/diidxaza: La Ventosa Diidxazá Lexico-Botanical Dictionary,v1.1,"Pérez Báez, Gabriela and Kaufman, Terrence. 2018. La Ventosa Diidxazá Lexico-Botanical Dictionary. Dictionaria 5. 1-952 (Available online at https://dictionaria.clld.org/contributions/diidxaza)",,,Gabriela Pérez Báez\tTerrence Kaufman,url:https://github.com/dictionaria/diidxaza/tree/v1.1,https://zenodo.org/record/4675104,10.5281/zenodo.4675104,doi:10.5281/zenodo.3451856,openaire_data\tuser-cldf-datasets\tuser-clld\tuser-dictionaria,info:eu-repo/semantics/openAccess\thttps://creativecommons.org/licenses/by/4.0/legalcode,,cldf:Dictionary\tlinguistics,info:eu-repo/semantics/other\tdataset,https://zenodo.org/api/files/725c2d2c-7cdd-423e-929e-15a4bb8d9dc0/dictionaria/diidxaza-v1.1.zip,zip,md5:d73e403827d2b43fd4f67524ddef412f,y
oai:zenodo.org:4675107,2021-04-09,dictionaria/daakaka: Daakaka Dictionary,v1.2,"von Prince, Kilu. 2017. Daakaka dictionary. Dictionaria 1. 1-2167 (Available online at https://dictionaria.clld.org/contributions/daakaka)",,,Kilu von Prince,url:https://github.com/dictionaria/daakaka/tree/v1.2,https://zenodo.org/record/4675107,10.5281/zenodo.4675107,doi:10.5281/zenodo.3067380,openaire_data\tuser-cldf-datasets\tuser-clld\tuser-dictionaria,info:eu-repo/semantics/openAccess\thttps://creativecommons.org/licenses/by/4.0/legalcode,,cldf:Dictionary\tlinguistics,info:eu-repo/semantics/other\tdataset,https://zenodo.org/api/files/cdcbbece-20d4-4543-a108-3693d08c5035/dictionaria/daakaka-v1.2.zip,zip,md5:3e449cae4edbd0d62281fae87dc98dfe,y
oai:zenodo.org:4676276,2021-04-09,dictionaria/iquito: Iquito dictionary,v1.0,"Michael, Lev and Beier, Christine. 2021. Iquito dictionary. Dictionaria 14. 1-4128 (Available online at https://dictionaria.clld.org/contributions/iquito, Accessed on 2021-04-09.)",,,Lev Michael\tChristine Beier,url:https://github.com/dictionaria/iquito/tree/v1.0,https://zenodo.org/record/4676276,10.5281/zenodo.4676276,doi:10.5281/zenodo.4676275,openaire_data\tuser-cldf-datasets\tuser-clld\tuser-dictionaria,info:eu-repo/semantics/openAccess\thttps://creativecommons.org/licenses/by/4.0/legalcode,,cldf:Dictionary\tlinguistics,info:eu-repo/semantics/other\tdataset,https://zenodo.org/api/files/d09447e9-7b4f-4073-8d3e-852a5c9e9c71/dictionaria/iquito-v1.0.zip,zip,md5:19f818cd1bb7b2d6767ed5dfe04b21fa,y
oai:zenodo.org:5526292,2021-09-24,dictionaria/daakaka: Daakaka Dictionary,v1.3,"von Prince, Kilu. 2017. Daakaka dictionary. Dictionaria 1. 1-2167 (Available online at https://dictionaria.clld.org/contributions/daakaka)",,,Kilu von Prince,url:https://github.com/dictionaria/daakaka/tree/v1.3,https://zenodo.org/record/5526292,10.5281/zenodo.5526292,doi:10.5281/zenodo.3067380,openaire_data\tuser-cldf-datasets\tuser-clld\tuser-dictionaria,info:eu-repo/semantics/openAccess\thttps://creativecommons.org/licenses/by/4.0/legalcode,,cldf:Dictionary\tlinguistics,info:eu-repo/semantics/other\tdataset,https://zenodo.org/api/files/e98de5ec-7a33-4bf8-8e71-93e38c42cd65/dictionaria/daakaka-v1.3.zip,zip,md5:26c0c92514f86aa43f21d83f6a42e151,y
oai:zenodo.org:5526305,2021-09-24,dictionaria/diidxaza: La Ventosa Diidxazá Lexico-Botanical Dictionary,v1.2,"Pérez Báez, Gabriela and Kaufman, Terrence. 2018. La Ventosa Diidxazá Lexico-Botanical Dictionary. Dictionaria 5. 1-952 (Available online at https://dictionaria.clld.org/contributions/diidxaza)",,,Gabriela Pérez Báez\tTerrence Kaufman,url:https://github.com/dictionaria/diidxaza/tree/v1.2,https://zenodo.org/record/5526305,10.5281/zenodo.5526305,doi:10.5281/zenodo.3451856,openaire_data\tuser-cldf-datasets\tuser-clld\tuser-dictionaria,info:eu-repo/semantics/openAccess\thttps://creativecommons.org/licenses/by/4.0/legalcode,,cldf:Dictionary\tlinguistics,info:eu-repo/semantics/other\tdataset,https://zenodo.org/api/files/c8bccdeb-a2de-4778-b98f-808908f0dd01/dictionaria/diidxaza-v1.2.zip,zip,md5:0eda085cf74bcb80275c5841f388af89,y
oai:zenodo.org:5526318,2021-09-24,dictionaria/guarayu: Guarayu. A revised dictionary by Alfred Hoeller,v1.2,"Danielsen, Swintha and Sell, Lena and Terhart, Lena. 2019. Guarayu. A revised dictionary by Alfred Hoeller. Dictionaria 7. 1-3590 (Available online at https://dictionaria.clld.org/contributions/guarayu)",,,Swintha Danielsen\tLena Sell\tLena Terhart,url:https://github.com/dictionaria/guarayu/tree/v1.2,https://zenodo.org/record/5526318,10.5281/zenodo.5526318,doi:10.5281/zenodo.3340717,openaire_data\tuser-cldf-datasets\tuser-clld\tuser-dictionaria,info:eu-repo/semantics/openAccess\thttps://creativecommons.org/licenses/by/4.0/legalcode,,cldf:Dictionary\tlinguistics,info:eu-repo/semantics/other\tdataset,https://zenodo.org/api/files/7b2312de-be17-4037-ac0a-01463d48ceec/dictionaria/guarayu-v1.2.zip,zip,md5:1a36daebfd209dc7057bfb5383f2c422,y
oai:zenodo.org:5526333,2021-09-24,dictionaria/hdi: Hdi Dictionary,v1.3,"Frajzyngier, Zygmunt and Eguchi, Paul and Prafé, Roger and Schwabauer, Megan (with Erin Shay, Henry Tourneux). 2017. Hdi dictionary. Dictionaria 2. 1-1681. DOI: 10.5281/zenodo.3067648 (Available online at https://dictionaria.clld.org/contributions/hdi)",,,Zygmunt Frajzyngier\tPaul Eguchi\tRoger Prafé\tMegan Schwabauer\tErin Shay\tHenry Tourneux,url:https://github.com/dictionaria/hdi/tree/v1.3,https://zenodo.org/record/5526333,10.5281/zenodo.5526333,doi:10.5281/zenodo.3067648,openaire_data\tuser-cldf-datasets\tuser-clld\tuser-dictionaria,info:eu-repo/semantics/openAccess\thttps://creativecommons.org/licenses/by/4.0/legalcode,,cldf:Dictionary\tlinguistics,info:eu-repo/semantics/other\tdataset,https://zenodo.org/api/files/fbde995d-fe8c-4295-b110-4bd6cca4bb49/dictionaria/hdi-v1.3.zip,zip,md5:015178c812a99fe9fe50f5fd928a1800,y
oai:zenodo.org:5526353,2021-09-24,dictionaria/iquito: Iquito dictionary,v1.1,"Michael, Lev and Beier, Christine. 2021. Iquito dictionary. Dictionaria 14. 1-4128. (Available online at https://dictionaria.clld.org/contributions/iquito, Accessed on 2021-09-24.)",,,Lev Michael\tChristine Beier,url:https://github.com/dictionaria/iquito/tree/v1.1,https://zenodo.org/record/5526353,10.5281/zenodo.5526353,doi:10.5281/zenodo.4676275,openaire_data\tuser-cldf-datasets\tuser-clld\tuser-dictionaria,info:eu-repo/semantics/openAccess\thttps://creativecommons.org/licenses/by/4.0/legalcode,,cldf:Dictionary\tlinguistics,info:eu-repo/semantics/other\tdataset,https://zenodo.org/api/files/dac69975-d63a-43b6-a1dd-b572c9c3a5bc/dictionaria/iquito-v1.1.zip,zip,md5:edf9d45c973ea9fcea5f3ce9fde96262,y
oai:zenodo.org:5526419,2021-09-24,dictionaria/kalamang: Kalamang dictionary,v1.2,"Visser, Eline. 2020. Kalamang dictionary. Dictionaria 13. 1-2737 (Available online at http://dictionaria.clld.org/contributions/kalamang)",,,Eline Visser,url:https://github.com/dictionaria/kalamang/tree/v1.2,https://zenodo.org/record/5526419,10.5281/zenodo.5526419,doi:10.5281/zenodo.4297473,openaire_data\tuser-cldf-datasets\tuser-clld\tuser-dictionaria,info:eu-repo/semantics/openAccess\thttps://creativecommons.org/licenses/by/4.0/legalcode,,cldf:Dictionary\tlinguistics,info:eu-repo/semantics/other\tdataset,https://zenodo.org/api/files/a01f4f33-2aa3-4a84-97d6-777f6d21ca28/dictionaria/kalamang-v1.2.zip,zip,md5:13b66094f037135b4085f299a90193ff,y
oai:zenodo.org:5526447,2021-09-24,dictionaria/medialengua: Media Lengua dictionary,v1.2,"Visser, Eline. 2020. Kalamang dictionary. Dictionaria 13. 1-2737 (Available online at http://dictionaria.clld.org/contributions/kalamang)",,,Jesse Stewart\tGabriela Prado Ayala\tLucia Gonza Inlago,url:https://github.com/dictionaria/medialengua/tree/v1.2,https://zenodo.org/record/5526447,10.5281/zenodo.5526447,doi:10.5281/zenodo.4147098,openaire_data\tuser-cldf-datasets\tuser-clld\tuser-dictionaria,info:eu-repo/semantics/openAccess\thttps://creativecommons.org/licenses/by/4.0/legalcode,,cldf:Dictionary\tlinguistics,info:eu-repo/semantics/other\tdataset,https://zenodo.org/api/files/dcb05ee1-5abc-4c2c-8eb0-79311a95f8fc/dictionaria/medialengua-v1.2.zip,zip,md5:35bd51f5ff43ad17518a9dbad6f6285f,y
oai:zenodo.org:5526459,2021-09-24,dictionaria/nen: Nen Dictionary,v1.3,"Evans, Nicholas. 2019. Nen dictionary. Dictionaria 8. 1-5005 (Available online at https://dictionaria.clld.org/contributions/nen)",,,Nicholas Evans,url:https://github.com/dictionaria/nen/tree/v1.3,https://zenodo.org/record/5526459,10.5281/zenodo.5526459,doi:10.5281/zenodo.3345804,openaire_data\tuser-cldf-datasets\tuser-clld\tuser-dictionaria,info:eu-repo/semantics/openAccess\thttps://creativecommons.org/licenses/by/4.0/legalcode,,cldf:Dictionary\tlinguistics,info:eu-repo/semantics/other\tdataset,https://zenodo.org/api/files/22c1d776-0f45-47de-a0b8-e492d6f28242/dictionaria/nen-v1.3.zip,zip,md5:95d24c97ebe47a04dc5ef293002540cf,y
oai:zenodo.org:5526477,2021-09-24,dictionaria/palula: Palula dictionary,v1.2,"Liljegren, Henrik. 2019. Palula dictionary. Dictionaria 3. 1-2700 (Available online at https://dictionaria.clld.org/contributions/palula)",,,Henrik Liljegren,url:https://github.com/dictionaria/palula/tree/v1.2,https://zenodo.org/record/5526477,10.5281/zenodo.5526477,doi:10.5281/zenodo.3066951,openaire_data\tuser-cldf-datasets\tuser-clld\tuser-dictionaria,info:eu-repo/semantics/openAccess\thttps://creativecommons.org/licenses/by/4.0/legalcode,,cldf:Dictionary\tlinguistics,info:eu-repo/semantics/other\tdataset,https://zenodo.org/api/files/05a72e2f-0eee-48b7-8b13-3937cfc80474/dictionaria/palula-v1.2.zip,zip,md5:34e7df2705ab5105c049739e84b1fac4,y
oai:zenodo.org:5526509,2021-09-24,dictionaria/sanzhi: Sanzhi Dargwa dictionary,v1.2,"Forker, Diana. 2019. Sanzhi Dargwa dictionary. Dictionaria 5. 1-5533. (Available online at https://dictionaria.clld.org/contributions/sanzhi, Accessed on 2021-02-08.)",,,Diana Forker,url:https://github.com/dictionaria/sanzhi/tree/v1.2,https://zenodo.org/record/5526509,10.5281/zenodo.5526509,doi:10.5281/zenodo.3257633,openaire_data\tuser-cldf-datasets\tuser-clld\tuser-dictionaria,info:eu-repo/semantics/openAccess\thttps://creativecommons.org/licenses/by/4.0/legalcode,,cldf:Dictionary\tlinguistics,info:eu-repo/semantics/other\tdataset,https://zenodo.org/api/files/da145b05-91dd-408c-9495-3565c9695c05/dictionaria/sanzhi-v1.2.zip,zip,md5:ced996b9107d4fe6d95731b574bb7d79,y
oai:zenodo.org:5526518,2021-09-24,dictionaria/sidaama: Sidaama dictionary,v1.2,"Yri, Kjell Magne and Pepper, Steve. 2019. Sidaama dictionary. Dictionaria 6. 1-3578 (Available online at https://dictionaria.clld.org/contributions/sidaama)",,,Kjell Magne Yri\tSteve Pepper,url:https://github.com/dictionaria/sidaama/tree/v1.2,https://zenodo.org/record/5526518,10.5281/zenodo.5526518,doi:10.5281/zenodo.3338362,openaire_data\tuser-cldf-datasets\tuser-clld\tuser-dictionaria,info:eu-repo/semantics/openAccess\thttps://creativecommons.org/licenses/by/4.0/legalcode,,cldf:Dictionary\tlinguistics,info:eu-repo/semantics/other\tdataset,https://zenodo.org/api/files/d00fd911-8ace-4b36-82f1-fc6169467595/dictionaria/sidaama-v1.2.zip,zip,md5:f6da3db9d444f2b2a031508813cddd39,y
oai:zenodo.org:5526528,2021-09-24,dictionaria/teop: A multifunctional Teop-English dictionary,v1.2,"Mosel, Ulrike. 2019. A multifunctional Teop-English dictionary.  Dictionaria 4. 1-6488. (Available online at https://dictionaria.clld.org/contributions/teop, Accessed on 2021-02-08.)",,,Ulrike Mosel,url:https://github.com/dictionaria/teop/tree/v1.2,https://zenodo.org/record/5526528,10.5281/zenodo.5526528,doi:10.5281/zenodo.3257579,openaire_data\tuser-cldf-datasets\tuser-clld\tuser-dictionaria,info:eu-repo/semantics/openAccess\thttps://creativecommons.org/licenses/by/4.0/legalcode,,cldf:Dictionary\tlinguistics,info:eu-repo/semantics/other\tdataset,https://zenodo.org/api/files/17b64687-3296-4775-bcb6-76fdbf77fd11/dictionaria/teop-v1.2.zip,zip,md5:d507e19cec7ff0fbeae18c32a8a081fd,y
oai:zenodo.org:5526550,2021-09-24,dictionaria/tseltal: Tseltal-Spanish multidialectal dictionary,v1.2,"Polian, Gilles. 2020. Tseltal-Spanish multidialectal dictionary. Dictionaria 10. 1-8109 (Available online at https://dictionaria.clld.org/contributions/tseltal)",,,Gilles Polian,url:https://github.com/dictionaria/tseltal/tree/v1.2,https://zenodo.org/record/5526550,10.5281/zenodo.5526550,doi:10.5281/zenodo.3660890,openaire_data\tuser-cldf-datasets\tuser-clld\tuser-dictionaria,info:eu-repo/semantics/openAccess\thttps://creativecommons.org/licenses/by/4.0/legalcode,,cldf:Dictionary\tlinguistics,info:eu-repo/semantics/other\tdataset,https://zenodo.org/api/files/ed8ce2cd-505a-45f9-bbf6-d62d61cc9763/dictionaria/tseltal-v1.2.zip,zip,md5:49e34bcc0e5b02822dac8cf04acf0ea8,y
oai:zenodo.org:5526568,2021-09-24,dictionaria/wersing: Wersing dictionary,v1.2,"Schapper, Antoinette. 2020. Wersing dictionary. Dictionaria 11. 1-1430 (Available online at https://dictionaria.clld.org/contributions/wersing)",,,Antoinette Schapper,url:https://github.com/dictionaria/wersing/tree/v1.2,https://zenodo.org/record/5526568,10.5281/zenodo.5526568,doi:10.5281/zenodo.4139454,openaire_data\tuser-cldf-datasets\tuser-clld\tuser-dictionaria,info:eu-repo/semantics/openAccess\thttps://creativecommons.org/licenses/by/4.0/legalcode,,cldf:Dictionary\tlinguistics,info:eu-repo/semantics/other\tdataset,https://zenodo.org/api/files/0d8d1d87-8f35-4dbd-8899-a8976d24357e/dictionaria/wersing-v1.2.zip,zip,md5:f4da3db8ee294463b523bdcada9f20ca,y
oai:zenodo.org:5653063,2021-11-08,dictionaria/teanu: Teanu dictionary (Solomon Islands),v1.0,"François, Alexandre. 2021. Teanu dictionary (Solomon Islands). Dictionaria 15. 1-1877. (Available online at https://dictionaria.clld.org/contributions/teanu)",,,Alexandre François,url:https://github.com/dictionaria/teanu/tree/v1.0,https://zenodo.org/record/5653063,10.5281/zenodo.5653063,doi:10.5281/zenodo.5653062,openaire_data\tuser-cldf-datasets\tuser-clld\tuser-dictionaria,info:eu-repo/semantics/openAccess\thttps://creativecommons.org/licenses/by/4.0/legalcode,,cldf:Dictionary\tlinguistics,info:eu-repo/semantics/other\tdataset,https://zenodo.org/api/files/244f5c66-fe4e-4f89-87a5-2aba2fbe6da4/dictionaria/teanu-v1.0.zip,zip,md5:414f0a9b88f0c21d6c0067de360b64aa,y
